,URL
286,https://www.chytreonline.cz/ceska-sporitelna-a-s-pobocky
287,https://www.chytreonline.cz/ceska-sporitelna-flexi
288,https://www.chytreonline.cz/ceska-sporitelna-hradec-kralove
289,https://www.chytreonline.cz/ceska-sporitelna-podilove-listy
290,https://www.chytreonline.cz/ceska-sporitelna-zelezny-brod
291,https://www.chytreonline.cz/csas-servis24-prihlaseni-na-ucet
292,https://www.chytreonline.cz/fio-banka
293,https://www.chytreonline.cz/fio-banka-bankomaty-brno
294,https://www.chytreonline.cz/fio-banka-olomouc-dolni-namesti
295,https://www.chytreonline.cz/komercni-banka-prihlaseni
296,https://www.chytreonline.cz/mojebanka-on-line
297,https://www.chytreonline.cz/www-ceska-sporitelna-a-s-servis24
